{"teleporting":true,"AutoFarm":true,"AutoReplay":false,"naruto":{"UP1":{"y":31.977264404296876,"x":-878.62841796875,"y6":31.977264404296876,"z":327.1372985839844,"y3":31.989662170410158,"y2":32.025943756103519,"y4":31.993759155273439,"y5":32.09878921508789},"UP3":{"y":25.2804012298584,"x":-885.5050659179688,"y6":25.2808895111084,"z":315.033935546875,"y3":25.28046226501465,"y2":25.28046226501465,"y4":25.28046226501465,"y5":25.2805233001709},"UP2":{"y":31.977264404296876,"x":-878.4541015625,"y6":31.997943878173829,"z":327.6372985839844,"y3":32.03450393676758,"y2":32.07078552246094,"y4":31.977264404296876,"y5":32.19431686401367},"UP6":{"y":25.065471649169923,"x":-910.8763427734375,"y6":25.065471649169923,"z":280.5289306640625,"y3":25.065471649169923,"y2":25.065471649169923,"y4":25.065471649169923,"y5":25.065471649169923},"UP5":{"y":25.2805233001709,"x":-885.1942138671875,"y6":25.28034019470215,"z":315.50299072265627,"y3":25.28058433532715,"y2":25.28046226501465,"y4":25.28046226501465,"y5":25.2806453704834},"UP4":{"y":25.2804012298584,"x":-885.5050659179688,"y6":25.2808895111084,"z":315.033935546875,"y3":25.28046226501465,"y2":25.28046226501465,"y4":25.28046226501465,"y5":25.2805233001709}},"SelectedUnits":{"U3":"toge #{60c43664-07c7-46f9-97d4-b6a79c75fd47}","U2":"hange #{711e76b0-0743-405c-a0fd-5b6e0bdec287}","U1":"hange_evolved #{cff19dea-e9d0-47f8-a080-8a40580cf8ca}","U4":"dio #{3ed4f2a8-ad9c-41ef-baf5-9abc2dec486c}","U5":"hisoka #{c2db5c91-3bcc-49c1-b2ff-fcc97d58e641}","U6":"nil"},"U3_UpgCap":1,"AutoUpgrade":true,"WorldCategory":"Story Worlds","SnipeWebhookUrl":"","SelectedLevel":"marineford_level_1","tokyo_ghoul":{"UP1":{"y":62.821903228759769,"x":-2950.578369140625,"y6":62.821903228759769,"z":-49.48401641845703,"y3":62.821903228759769,"y2":62.821903228759769,"y4":62.821903228759769,"y5":62.821903228759769},"UP3":{"y":58.58513259887695,"x":-2946.4375,"y6":58.58513259887695,"z":-34.847408294677737,"y3":58.58513259887695,"y2":58.58513259887695,"y4":58.58513259887695,"y5":58.58513259887695},"UP2":{"y":62.821903228759769,"x":-2955.41748046875,"y6":62.821903228759769,"z":-55.12187957763672,"y3":62.821903228759769,"y2":62.821903228759769,"y4":62.821903228759769,"y5":62.821903228759769},"UP6":{"y":0,"x":0,"y6":0,"z":0,"y3":0,"y2":0,"y4":0,"y5":0},"UP5":{"y":58.58513259887695,"x":-2946.4580078125,"y6":58.58513259887695,"z":-26.59185791015625,"y3":58.58513259887695,"y2":58.58513259887695,"y4":58.58513259887695,"y5":58.58513259887695},"UP4":{"y":58.58513259887695,"x":-2956.2041015625,"y6":58.58513259887695,"z":-33.74199295043945,"y3":58.58513259887695,"y2":58.58513259887695,"y4":58.58513259887695,"y5":58.58513259887695}},"Difficulty":"Normal","U2_TotalAmmount":1,"marineford":{"UP1":{"y":28.05718231201172,"x":-2532.728271484375,"y6":28.05718231201172,"z":-47.66920471191406,"y3":28.05718231201172,"y2":28.05718231201172,"y4":28.05718231201172,"y5":28.05718231201172},"UP3":{"y":25.21077537536621,"x":-2538.822265625,"y6":25.210535049438478,"z":-34.90241622924805,"y3":25.21077537536621,"y2":25.21077537536621,"y4":25.210500717163087,"y5":25.21077537536621},"UP2":{"y":28.057289123535158,"x":-2531.48046875,"y6":28.05718231201172,"z":-52.85984420776367,"y3":25.210660934448243,"y2":28.05718231201172,"y4":28.0572566986084,"y5":28.05718231201172},"UP6":{"y":0,"x":0,"y6":0,"z":0,"y3":0,"y2":0,"y4":0,"y5":0},"UP5":{"y":25.21077537536621,"x":-2520.42919921875,"y6":25.21077537536621,"z":-33.33918380737305,"y3":25.21077537536621,"y2":25.21077537536621,"y4":25.21077537536621,"y5":25.21077537536621},"UP4":{"y":25.21077537536621,"x":-2536.291015625,"y6":25.210763931274415,"z":-28.316001892089845,"y3":25.21077537536621,"y2":25.21077537536621,"y4":25.21077537536621,"y5":25.21077537536621}},"AutoNext":true,"SelectedWorld":"Marine's Ford","autostart":true,"isFriendOnly":true,"AutoLoadScript":true}