{"atjt":false,"startsell":0,"xspawnUnitPos":{"UP1":{"y":29.883750915527345,"x":-895.3694458007813,"z":321.03826904296877},"UP3":{"y":25.62312126159668,"x":-885.1162719726563,"z":320.8375244140625},"UP2":{"y":31.956825256347658,"x":-878.6991577148438,"z":327.8835754394531},"UP6":{"y":91.806205749512,"x":-2952.8168945312,"z":-707.96734619141},"UP5":{"y":25.622093200683595,"x":-890.10791015625,"z":309.02398681640627},"UP4":{"y":25.59718894958496,"x":-890.24169921875,"z":313.8315734863281}},"autosell":false,"xselectedUnits":[],"autoabilities":false,"Lagred":false,"autoupgrade":false,"world":"nil","autoplay":false,"webhook":"","level":"nil","diskill":false,"showdmg":false,"difficulty":"Normal","lowqual":false,"eweb":false,"disef":false,"door":"_lobbytemplategreen1","autofarm":false,"disable":false}